AF; ; fr; AFGHANISTAN
ZA; ; fr; AFRIQUE DU SUD
AX; ; fr; ÅLAND, ÎLES
AL; ; fr; ALBANIE
DZ; ; fr; ALGÉRIE
DE; ; fr; ALLEMAGNE
AD; ; fr; ANDORRE
AO; ; fr; ANGOLA
AI; ; fr; ANGUILLA
AQ; ; fr; ANTARCTIQUE
AG; ; fr; ANTIGUA-ET-BARBUDA
SA; ; fr; ARABIE SAOUDITE
AR; ; fr; ARGENTINE
AM; ; fr; ARMÉNIE
AW; ; fr; ARUBA
AU; ; fr; AUSTRALIE
AT; ; fr; AUTRICHE
AZ; ; fr; AZERBAÏDJAN
BS; ; fr; BAHAMAS
BH; ; fr; BAHREÏN
BD; ; fr; BANGLADESH
BB; ; fr; BARBADE
BY; ; fr; BÉLARUS
BE; ; fr; BELGIQUE
BZ; ; fr; BELIZE
BJ; ; fr; BÉNIN
BM; ; fr; BERMUDES
BT; ; fr; BHOUTAN
BO; ; fr; BOLIVIE, l'ÉTAT PLURINATIONAL DE
BQ; ; fr; BONAIRE, SAINT-EUSTACHE ET SABA
BA; ; fr; BOSNIE-HERZÉGOVINE
BW; ; fr; BOTSWANA
BV; ; fr; BOUVET, ÎLE
BR; ; fr; BRÉSIL
BN; ; fr; BRUNEI DARUSSALAM
BG; ; fr; BULGARIE
BF; ; fr; BURKINA FASO
BI; ; fr; BURUNDI
KY; ; fr; CAÏMANS, ÎLES
KH; ; fr; CAMBODGE
CM; ; fr; CAMEROUN
CA; ; fr; CANADA
CV; ; fr; CAP-VERT
CF; ; fr; CENTRAFRICAINE, RÉPUBLIQUE
CL; ; fr; CHILI
CN; ; fr; CHINE
CX; ; fr; CHRISTMAS, ÎLE
CY; ; fr; CHYPRE
CC; ; fr; COCOS (KEELING), ÎLES
CO; ; fr; COLOMBIE
KM; ; fr; COMORES
CG; ; fr; CONGO
CD; ; fr; CONGO, LA RÉPUBLIQUE DÉMOCRATIQUE DU
CK; ; fr; COOK, ÎLES
KR; ; fr; CORÉE, RÉPUBLIQUE DE
KP; ; fr; CORÉE, RÉPUBLIQUE POPULAIRE DÉMOCRATIQUE DE
CR; ; fr; COSTA RICA
CI; ; fr; CÔTE D'IVOIRE
HR; ; fr; CROATIE
CU; ; fr; CUBA
CW; ; fr; CURAÇAO
DK; ; fr; DANEMARK
DJ; ; fr; DJIBOUTI
DO; ; fr; DOMINICAINE, RÉPUBLIQUE
DM; ; fr; DOMINIQUE
EG; ; fr; ÉGYPTE
SV; ; fr; EL SALVADOR
AE; ; fr; ÉMIRATS ARABES UNIS
EC; ; fr; ÉQUATEUR
ER; ; fr; ÉRYTHRÉE
ES; ; fr; ESPAGNE
EE; ; fr; ESTONIE
US; ; fr; ÉTATS-UNIS
ET; ; fr; ÉTHIOPIE
FK; ; fr; FALKLAND, ÎLES (MALVINAS)
FO; ; fr; FÉROÉ, ÎLES
FJ; ; fr; FIDJI
FI; ; fr; FINLANDE
FR; ; fr; FRANCE
GA; ; fr; GABON
GM; ; fr; GAMBIE
GE; ; fr; GÉORGIE
GS; ; fr; GÉORGIE DU SUD-ET-LES ÎLES SANDWICH DU SUD
GH; ; fr; GHANA
GI; ; fr; GIBRALTAR
GR; ; fr; GRÈCE
GD; ; fr; GRENADE
GL; ; fr; GROENLAND
GP; ; fr; GUADELOUPE
GU; ; fr; GUAM
GT; ; fr; GUATEMALA
GG; ; fr; GUERNESEY
GN; ; fr; GUINÉE
GW; ; fr; GUINÉE-BISSAU
GQ; ; fr; GUINÉE ÉQUATORIALE
GY; ; fr; GUYANA
GF; ; fr; GUYANE FRANÇAISE
HT; ; fr; HAÏTI
HM; ; fr; HEARD-ET-ÎLES MACDONALD, ÎLE
HN; ; fr; HONDURAS
HK; ; fr; HONG KONG
HU; ; fr; HONGRIE
IM; ; fr; ÎLE DE MAN
UM; ; fr; ÎLES MINEURES ÉLOIGNÉES DES ÉTATS-UNIS
VG; ; fr; ÎLES VIERGES BRITANNIQUES
VI; ; fr; ÎLES VIERGES DES ÉTATS-UNIS
IN; ; fr; INDE
ID; ; fr; INDONÉSIE
IR; ; fr; IRAN, RÉPUBLIQUE ISLAMIQUE D'
IQ; ; fr; IRAQ
IE; ; fr; IRLANDE
IS; ; fr; ISLANDE
IL; ; fr; ISRAËL
IT; ; fr; ITALIE
JM; ; fr; JAMAÏQUE
JP; ; fr; JAPON
JE; ; fr; JERSEY
JO; ; fr; JORDANIE
KZ; ; fr; KAZAKHSTAN
KE; ; fr; KENYA
KG; ; fr; KIRGHIZISTAN
KI; ; fr; KIRIBATI
KW; ; fr; KOWEÏT
LA; ; fr; LAO, RÉPUBLIQUE DÉMOCRATIQUE POPULAIRE
LS; ; fr; LESOTHO
LV; ; fr; LETTONIE
LB; ; fr; LIBAN
LR; ; fr; LIBÉRIA
LY; ; fr; LIBYE
LI; ; fr; LIECHTENSTEIN
LT; ; fr; LITUANIE
LU; ; fr; LUXEMBOURG
MO; ; fr; MACAO
MK; ; fr; MACÉDOINE, L'EX-RÉPUBLIQUE YOUGOSLAVE DE
MG; ; fr; MADAGASCAR
MY; ; fr; MALAISIE
MW; ; fr; MALAWI
MV; ; fr; MALDIVES
ML; ; fr; MALI
MT; ; fr; MALTE
MP; ; fr; MARIANNES DU NORD, ÎLES
MA; ; fr; MAROC
MH; ; fr; MARSHALL, ÎLES
MQ; ; fr; MARTINIQUE
MU; ; fr; MAURICE
MR; ; fr; MAURITANIE
YT; ; fr; MAYOTTE
MX; ; fr; MEXIQUE
FM; ; fr; MICRONÉSIE, ÉTATS FÉDÉRÉS DE
MD; ; fr; MOLDOVA, RÉPUBLIQUE DE
MC; ; fr; MONACO
MN; ; fr; MONGOLIE
ME; ; fr; MONTÉNÉGRO
MS; ; fr; MONTSERRAT
MZ; ; fr; MOZAMBIQUE
MM; ; fr; MYANMAR
NA; ; fr; NAMIBIE
NR; ; fr; NAURU
NP; ; fr; NÉPAL
NI; ; fr; NICARAGUA
NE; ; fr; NIGER
NG; ; fr; NIGÉRIA
NU; ; fr; NIUÉ
NF; ; fr; NORFOLK, ÎLE
NO; ; fr; NORVÈGE
NC; ; fr; NOUVELLE-CALÉDONIE
NZ; ; fr; NOUVELLE-ZÉLANDE
IO; ; fr; OCÉAN INDIEN, TERRITOIRE BRITANNIQUE DE L'
OM; ; fr; OMAN
UG; ; fr; OUGANDA
UZ; ; fr; OUZBÉKISTAN
PK; ; fr; PAKISTAN
PW; ; fr; PALAOS
PS; ; fr; PALESTINE, ÉTAT DE
PA; ; fr; PANAMA
PG; ; fr; PAPOUASIE-NOUVELLE-GUINÉE
PY; ; fr; PARAGUAY
NL; ; fr; PAYS-BAS
PE; ; fr; PÉROU
PH; ; fr; PHILIPPINES
PN; ; fr; PITCAIRN
PL; ; fr; POLOGNE
PF; ; fr; POLYNÉSIE FRANÇAISE
PR; ; fr; PORTO RICO
PT; ; fr; PORTUGAL
QA; ; fr; QATAR
RE; ; fr; RÉUNION
RO; ; fr; ROUMANIE
GB; ; fr; ROYAUME-UNI
RU; ; fr; RUSSIE, FÉDÉRATION DE
RW; ; fr; RWANDA
EH; ; fr; SAHARA OCCIDENTAL
BL; ; fr; SAINT-BARTHÉLEMY
SH; ; fr; SAINTE-HÉLÈNE, ASCENSION ET TRISTAN DA CUNHA
LC; ; fr; SAINTE-LUCIE
KN; ; fr; SAINT-KITTS-ET-NEVIS
SM; ; fr; SAINT-MARIN
MF; ; fr; SAINT-MARTIN(PARTIE FRANÇAISE)
SX; ; fr; SAINT-MARTIN (PARTIE NÉERLANDAISE)
PM; ; fr; SAINT-PIERRE-ET-MIQUELON
VA; ; fr; SAINT-SIÈGE (ÉTAT DE LA CITÉ DU VATICAN)
VC; ; fr; SAINT-VINCENT-ET-LES GRENADINES
SB; ; fr; SALOMON, ÎLES
WS; ; fr; SAMOA
AS; ; fr; SAMOA AMÉRICAINES
ST; ; fr; SAO TOMÉ-ET-PRINCIPE
SN; ; fr; SÉNÉGAL
RS; ; fr; SERBIE
SC; ; fr; SEYCHELLES
SL; ; fr; SIERRA LEONE
SG; ; fr; SINGAPOUR
SK; ; fr; SLOVAQUIE
SI; ; fr; SLOVÉNIE
SO; ; fr; SOMALIE
SD; ; fr; SOUDAN
SS; ; fr; SOUDAN DU SUD
LK; ; fr; SRI LANKA
SE; ; fr; SUÈDE
CH; ; fr; SUISSE
SR; ; fr; SURINAME
SJ; ; fr; SVALBARD ET ÎLE JAN MAYEN
SZ; ; fr; SWAZILAND
SY; ; fr; SYRIENNE, RÉPUBLIQUE ARABE
TJ; ; fr; TADJIKISTAN
TW; ; fr; TAÏWAN, PROVINCE DE CHINE
TZ; ; fr; TANZANIE, RÉPUBLIQUE-UNIE DE
TD; ; fr; TCHAD
CZ; ; fr; TCHÈQUE, RÉPUBLIQUE
TF; ; fr; TERRES AUSTRALES FRANÇAISES
TH; ; fr; THAÏLANDE
TL; ; fr; TIMOR-LESTE
TG; ; fr; TOGO
TK; ; fr; TOKELAU
TO; ; fr; TONGA
TT; ; fr; TRINITÉ-ET-TOBAGO
TN; ; fr; TUNISIE
TM; ; fr; TURKMÉNISTAN
TC; ; fr; TURKS-ET-CAÏCOS, ÎLES
TR; ; fr; TURQUIE
TV; ; fr; TUVALU
UA; ; fr; UKRAINE
UY; ; fr; URUGUAY
VU; ; fr; VANUATU
VE; ; fr; VENEZUELA, RÉPUBLIQUE BOLIVARIENNE DU
VN; ; fr; VIET NAM
WF; ; fr; WALLIS ET FUTUNA
YE; ; fr; YÉMEN
ZM; ; fr; ZAMBIE
ZW; ; fr; ZIMBABWE
